team,url
iRespo.com,https://www.youtube.com/watch?v=hEQAMeaYCr8
The AGE Project,https://www.youtube.com/watch?v=NcZZgCa809U
Block.Vote,https://www.youtube.com/watch?v=upOd_bXhFsM
Uotton,https://www.youtube.com/watch?v=pJN8cdny2kE
Way Network,https://www.youtube.com/watch?v=65X7dlDjB3s
EduBlock,https://www.youtube.com/watch?v=0sMFoD7RbD4
CADChain,https://www.youtube.com/watch?v=_aizBkuaXLM
Nooberly,https://www.youtube.com/watch?v=IHJxo53wNvo
Team Decentralize,https://www.youtube.com/watch?v=fJJneJJgzwo
GFG Machine,https://www.youtube.com/watch?v=yMqCph_hwnM
Langchain,https://www.youtube.com/watch?v=3kJvpq8pcsY
Cryptonominee,https://www.youtube.com/watch?v=WuYEgOpRlPU
Undra,https://www.youtube.com/watch?v=cyL6khy7ipI
FairAccess,https://www.youtube.com/watch?v=VSCKxgtXMB8
Ownit,https://www.youtube.com/watch?v=3t8GspC8IDU
EosBusiness.io,https://www.youtube.com/watch?v=o0Sj03Krq44
Screen Time Token,https://www.youtube.com/watch?v=ir6VlVnG8SI
Blockchain Lab,https://www.youtube.com/watch?v=TSo13vorP8g
HedgeAI,https://www.youtube.com/watch?v=drHTuiyrm10
EOSomniaðŸŒ™,https://www.youtube.com/watch?v=ZUEhi2LsFCs
CollectiveHealth,https://www.youtube.com/watch?v=itZ4blsBIDU
Digital Credit,https://www.youtube.com/watch?v=Zm5Q2-LKTP0
DUCATUR,https://www.youtube.com/watch?v=WBXmpAsQcAo
Delegator,https://www.youtube.com/watch?v=ZFouTSVoeAQ
GGRocket,https://www.youtube.com/watch?v=39240ymGGpc
MapChain,https://www.youtube.com/watch?v=Wc16hqBz8jY
Serial Coders,https://www.youtube.com/watch?v=zDcbONtnpcA
DevPool,https://www.youtube.com/watch?v=VyIJ1_PZSyk
Smartz,https://www.youtube.com/watch?v=7FaHxxnmiZs
YouRoot.io,https://www.youtube.com/watch?v=AmyVmUzp5WQ
AGI Laboratory,https://www.youtube.com/watch?v=nAqBqpMRK7E
Bee Social,https://www.youtube.com/watch?v=QMXYG9WqS6o
EOS for Democracy,https://www.youtube.com/watch?v=HwrKE060V0E
Turing School,https://www.youtube.com/watch?v=SN00dKIwLrY
VIM,https://www.youtube.com/watch?v=yhUfoRapr2w
SiteTrax.io,https://www.youtube.com/watch?v=5Uj4S-3h6b8
Loan-Block,https://www.youtube.com/watch?v=Zxhj9Z-PnOw
Magni,https://www.youtube.com/watch?v=1M_JPKkHhK4
Payment.one,https://www.youtube.com/watch?v=2KG78PGE1yk
Tala,https://www.youtube.com/watch?v=k1puM-kVqHY
DinoSpace,https://www.youtube.com/watch?v=KOuYLSfK9Ns
Happy Donkey,https://www.youtube.com/watch?v=7nO_lqnsKYE
Binary Focus,https://www.youtube.com/watch?v=whovbY_pUsc
Consensus Clubs,https://www.youtube.com/watch?v=_tsRYjHX0Oc
This Coin Rocks,https://www.youtube.com/watch?v=ZR1DdBL8QDE
CleanIt,https://www.youtube.com/watch?v=NnsyqVCWWWo
Worldwide Taxi,https://www.youtube.com/watch?v=B0kANCCmT7A
Inventive Byte,https://www.youtube.com/watch?v=qcLl89O384k
LetItPlay,https://www.youtube.com/watch?v=vts3kGf0Hmg
EOSREAL,https://www.youtube.com/watch?v=E-VgWUjiOZc
CoArt,https://www.youtube.com/watch?v=FXeO9ZomKps
UMKA Planet,https://www.youtube.com/watch?v=GPNkxGlr--Q
Axe Julius,https://www.youtube.com/watch?v=nmZZzxQsIwU
DelegationOne - High performing EOS Wallet,https://www.youtube.com/watch?v=8tXweZ9Y1qI
DAO Axis,https://www.youtube.com/watch?v=-Mtxx3IEZLc
Query,https://www.youtube.com/watch?v=HcjWpD2Eteg
BeScouted,https://www.youtube.com/watch?v=uxCUWwXXbTU
Moby Dapp,https://www.youtube.com/watch?v=rKF-XljuQ60
Armada,https://www.youtube.com/watch?v=enTh04mX5FQ
EOS FinCrowds,https://www.youtube.com/watch?v=IVIGjQkl0NQ
ClickBait Studio,https://www.youtube.com/watch?v=S17udesnDq8
Codum,https://www.youtube.com/watch?v=sdtqOXH5svg
Babel Masonary,https://www.youtube.com/watch?v=rvDr9zdsltY
Hclaims,https://www.youtube.com/watch?v=5-a46h9qamc
BUTTON Wallet,https://www.youtube.com/watch?v=AXijIqYwuoU
Drops,https://www.youtube.com/watch?v=pAYtK087BHw
Paramnesia,https://www.youtube.com/watch?v=2xBDxqopZDY
LoRaChain,https://www.youtube.com/watch?v=p0QRzNIKgBs
IT Sphere,https://www.youtube.com/watch?v=WxR6d83-emQ
